image_id,storm_id,image_path,relative_path,wind_speed_kt,min_pressure_mb,time_step
storm_sample_000,SYN_00,ml/cyclone/data/drivendata/images/storm_sample_000.npy,images/storm_sample_000.npy,30.0,1005.0,0
storm_sample_001,SYN_00,ml/cyclone/data/drivendata/images/storm_sample_001.npy,images/storm_sample_001.npy,43.0,995.9,1
storm_sample_002,SYN_00,ml/cyclone/data/drivendata/images/storm_sample_002.npy,images/storm_sample_002.npy,56.0,986.8,2
storm_sample_003,SYN_00,ml/cyclone/data/drivendata/images/storm_sample_003.npy,images/storm_sample_003.npy,69.0,977.7,3
storm_sample_004,SYN_00,ml/cyclone/data/drivendata/images/storm_sample_004.npy,images/storm_sample_004.npy,82.0,968.6,4
storm_sample_005,SYN_00,ml/cyclone/data/drivendata/images/storm_sample_005.npy,images/storm_sample_005.npy,95.0,959.5,5
storm_sample_006,SYN_00,ml/cyclone/data/drivendata/images/storm_sample_006.npy,images/storm_sample_006.npy,108.0,950.4,6
storm_sample_007,SYN_00,ml/cyclone/data/drivendata/images/storm_sample_007.npy,images/storm_sample_007.npy,121.0,941.3,7
storm_sample_008,SYN_00,ml/cyclone/data/drivendata/images/storm_sample_008.npy,images/storm_sample_008.npy,34.0,1002.2,8
storm_sample_009,SYN_00,ml/cyclone/data/drivendata/images/storm_sample_009.npy,images/storm_sample_009.npy,47.0,993.1,9
storm_sample_010,SYN_01,ml/cyclone/data/drivendata/images/storm_sample_010.npy,images/storm_sample_010.npy,60.0,984.0,0
storm_sample_011,SYN_01,ml/cyclone/data/drivendata/images/storm_sample_011.npy,images/storm_sample_011.npy,73.0,974.9,1
storm_sample_012,SYN_01,ml/cyclone/data/drivendata/images/storm_sample_012.npy,images/storm_sample_012.npy,86.0,965.8,2
storm_sample_013,SYN_01,ml/cyclone/data/drivendata/images/storm_sample_013.npy,images/storm_sample_013.npy,99.0,956.7,3
storm_sample_014,SYN_01,ml/cyclone/data/drivendata/images/storm_sample_014.npy,images/storm_sample_014.npy,112.0,947.6,4
storm_sample_015,SYN_01,ml/cyclone/data/drivendata/images/storm_sample_015.npy,images/storm_sample_015.npy,125.0,938.5,5
storm_sample_016,SYN_01,ml/cyclone/data/drivendata/images/storm_sample_016.npy,images/storm_sample_016.npy,38.0,999.4,6
storm_sample_017,SYN_01,ml/cyclone/data/drivendata/images/storm_sample_017.npy,images/storm_sample_017.npy,51.0,990.3,7
storm_sample_018,SYN_01,ml/cyclone/data/drivendata/images/storm_sample_018.npy,images/storm_sample_018.npy,64.0,981.2,8
storm_sample_019,SYN_01,ml/cyclone/data/drivendata/images/storm_sample_019.npy,images/storm_sample_019.npy,77.0,972.1,9
storm_sample_020,SYN_02,ml/cyclone/data/drivendata/images/storm_sample_020.npy,images/storm_sample_020.npy,90.0,963.0,0
storm_sample_021,SYN_02,ml/cyclone/data/drivendata/images/storm_sample_021.npy,images/storm_sample_021.npy,103.0,953.9,1
storm_sample_022,SYN_02,ml/cyclone/data/drivendata/images/storm_sample_022.npy,images/storm_sample_022.npy,116.0,944.8,2
storm_sample_023,SYN_02,ml/cyclone/data/drivendata/images/storm_sample_023.npy,images/storm_sample_023.npy,129.0,935.7,3
storm_sample_024,SYN_02,ml/cyclone/data/drivendata/images/storm_sample_024.npy,images/storm_sample_024.npy,42.0,996.6,4
storm_sample_025,SYN_02,ml/cyclone/data/drivendata/images/storm_sample_025.npy,images/storm_sample_025.npy,55.0,987.5,5
storm_sample_026,SYN_02,ml/cyclone/data/drivendata/images/storm_sample_026.npy,images/storm_sample_026.npy,68.0,978.4,6
storm_sample_027,SYN_02,ml/cyclone/data/drivendata/images/storm_sample_027.npy,images/storm_sample_027.npy,81.0,969.3,7
storm_sample_028,SYN_02,ml/cyclone/data/drivendata/images/storm_sample_028.npy,images/storm_sample_028.npy,94.0,960.2,8
storm_sample_029,SYN_02,ml/cyclone/data/drivendata/images/storm_sample_029.npy,images/storm_sample_029.npy,107.0,951.1,9
storm_sample_030,SYN_03,ml/cyclone/data/drivendata/images/storm_sample_030.npy,images/storm_sample_030.npy,120.0,942.0,0
storm_sample_031,SYN_03,ml/cyclone/data/drivendata/images/storm_sample_031.npy,images/storm_sample_031.npy,133.0,932.9,1
storm_sample_032,SYN_03,ml/cyclone/data/drivendata/images/storm_sample_032.npy,images/storm_sample_032.npy,46.0,993.8,2
storm_sample_033,SYN_03,ml/cyclone/data/drivendata/images/storm_sample_033.npy,images/storm_sample_033.npy,59.0,984.7,3
storm_sample_034,SYN_03,ml/cyclone/data/drivendata/images/storm_sample_034.npy,images/storm_sample_034.npy,72.0,975.6,4
storm_sample_035,SYN_03,ml/cyclone/data/drivendata/images/storm_sample_035.npy,images/storm_sample_035.npy,85.0,966.5,5
storm_sample_036,SYN_03,ml/cyclone/data/drivendata/images/storm_sample_036.npy,images/storm_sample_036.npy,98.0,957.4,6
storm_sample_037,SYN_03,ml/cyclone/data/drivendata/images/storm_sample_037.npy,images/storm_sample_037.npy,111.0,948.3,7
storm_sample_038,SYN_03,ml/cyclone/data/drivendata/images/storm_sample_038.npy,images/storm_sample_038.npy,124.0,939.2,8
storm_sample_039,SYN_03,ml/cyclone/data/drivendata/images/storm_sample_039.npy,images/storm_sample_039.npy,137.0,930.1,9
storm_sample_040,SYN_04,ml/cyclone/data/drivendata/images/storm_sample_040.npy,images/storm_sample_040.npy,50.0,991.0,0
storm_sample_041,SYN_04,ml/cyclone/data/drivendata/images/storm_sample_041.npy,images/storm_sample_041.npy,63.0,981.9,1
storm_sample_042,SYN_04,ml/cyclone/data/drivendata/images/storm_sample_042.npy,images/storm_sample_042.npy,76.0,972.8,2
storm_sample_043,SYN_04,ml/cyclone/data/drivendata/images/storm_sample_043.npy,images/storm_sample_043.npy,89.0,963.7,3
storm_sample_044,SYN_04,ml/cyclone/data/drivendata/images/storm_sample_044.npy,images/storm_sample_044.npy,102.0,954.6,4
storm_sample_045,SYN_04,ml/cyclone/data/drivendata/images/storm_sample_045.npy,images/storm_sample_045.npy,115.0,945.5,5
storm_sample_046,SYN_04,ml/cyclone/data/drivendata/images/storm_sample_046.npy,images/storm_sample_046.npy,128.0,936.4,6
storm_sample_047,SYN_04,ml/cyclone/data/drivendata/images/storm_sample_047.npy,images/storm_sample_047.npy,141.0,927.3,7
storm_sample_048,SYN_04,ml/cyclone/data/drivendata/images/storm_sample_048.npy,images/storm_sample_048.npy,54.0,988.2,8
storm_sample_049,SYN_04,ml/cyclone/data/drivendata/images/storm_sample_049.npy,images/storm_sample_049.npy,67.0,979.1,9
